蟷ｴ,莨晉･ｨ譌･莉?蜩∝錐,蛹ｺ蛻?蜩∫分,謨ｰ驥?BL?ｺ?ｰ??ｾ?BL?ｸ?橸ｾ呻ｽｰ?鯉ｾ?荳ｭ蛻?｡槭さ繝ｼ繝?鬘槫挨蝙句ｼ?霆顔ｨｮ,蟷ｴ蠑?霆雁床No,蝙句ｼ?,,,,,,,,,,,,,,,,,,,,,,,,,,,,,,,,,,,,,,,,,,,,,,,,,,,,,,,,,
2015,2015/11/10,蜿ｳ??ｾ橸ｽｱ?撰ｾ暦ｽｰ,螢ｲ荳?,1,99999,0,0,,159,,ZARﾂ?93900007018310.00,93922,,,,,,,,,,,,,,,,,,,,,,,,,,,,,,,,,,,,,,,,,,,,,,,,,,,,,,,,,,
2015,2015/12/11,R/??ｾ橸ｽｱ?奇ｾ滂ｾ茨ｾ僂OMP LH,螢ｲ荳?67550-SYY-J10ZZ,1,3201,3201,3000,,繝輔Μ繝ｼ繝?,,DBA-GB3,,,,,,,,,,,,,,,,,,,,,,,,,,,,,,,,,,,,,,,,,,,,,,,,,,,,,,,,,,
2015,2015/10/7,?ｱ?ｳ??- ?撰ｾ?,螢ｲ荳?87910-68030,1,975,6205,240,,繧ｦ繧｣繝?す繝･,,33486,ANE11W-HWXQH,,,,,,,,,,,,,,,,,,,,,,,,,,,,,,,,,,,,,,,,,,,,,,,,,,,,,,,,,,
2015,2015/10/3,"?假ｾ?ｾ暦ｽｸ??,?ｴ?夲ｽｸ??ｾ假ｽｶ?呻ｾ幢ｾゑｽｸ,?夲ｾ鯉ｾ?,螢ｲ荳?75152-57JF0,1,99999,0,0,,?｡?ｺ?阪Ρ繧ｴ繝ｳ,,491024,MJ21S,,,,,,,,,,,,,,,,,,,,,,,,,,,,,,,,,,,,,,,,,,,,,,,,,,,,,,,,,,
2015,2015/10/22,"?撰ｾ? ?包ｾ?ｾゑｾ???ｾ橸ｽｱ ?夲ｾ鯉ｾ?,螢ｲ荳?91036AJ031,1,976,6205,240,16292-1103,繝ｬ繧ｬ繧ｷ繧｣,,39712,DBA-BR9,,,,,,,,,,,,,,,,,,,,,,,,,,,,,,,,,,,,,,,,,,,,,,,,,,,,,,,,,,
2015,2015/11/18,?ｱ?呻ｾ撰ｽｼ?橸ｽｬ?ｯ?ｷ,螢ｲ荳?SJ-15AL,1,99999,0,0,,,,,,,,,,,,,,,,,,,,,,,,,,,,,,,,,,,,,,,,,,,,,,,,,,,,,,,,,,,,,,,
2015,2015/11/28,?假ｾ晢ｾ奇ｾ橸ｽｰ?晢ｾ趣ｽｰ?ｽ?假ｽｰ??螢ｲ荳?SHS-210SA,1,99999,0,0,,,,,,,,,,,,,,,,,,,,,,,,,,,,,,,,,,,,,,,,,,,,,,,,,,,,,,,,,,,,,,,
2015,2015/10/7,?搾ｽｯ??ｾ橸ｾ暦ｾ晢ｾ鯉ｾ滂ｾ包ｾ?ｽｯ? RH,螢ｲ荳?81130-B2500,1,1310,6301,270,16986-0002,繝溘Λ繧､繝ｼ繧ｹ,蟷ｳ謌?4蟷ｴ 7譛?1115274,DBA-LA300S-GBMF,,,,,,,,,,,,,,,,,,,,,,,,,,,,,,,,,,,,,,,,,,,,,,,,,,,,,,,,,,
2015,2015/11/24,?奇ｾ橸ｽｯ??ｾ?FB 7000(60B24L),螢ｲ荳?F7-60B24L,1,7350,7350,7500,,,,,,,,,,,,,,,,,,,,,,,,,,,,,,,,,,,,,,,,,,,,,,,,,,,,,,,,,,,,,,,
2015,2015/10/10,?奇ｾ橸ｽｯ??ｾ?FB,螢ｲ荳?FTX7L-BS,1,7351,7350,7500,,,,,,,,,,,,,,,,,,,,,,,,,,,,,,,,,,,,,,,,,,,,,,,,,,,,,,,,,,,,,,,
2015,2015/10/28,?奇ｾ橸ｽｯ??ｾ?FB 5000(55B24R),螢ｲ荳?F5-55B24R,1,7350,7350,7500,15238-0001,繧｢繧､繧ｷ繧ｹ,蟷ｳ謌?8蟷ｴ10譛?68286,DBA-ANM10G-AWXEH,,,,,,,,,,,,,,,,,,,,,,,,,,,,,,,,,,,,,,,,,,,,,,,,,,,,,,,,,,
2015,2015/11/17,?奇ｾ橸ｽｯ??ｾ?FB 5000(55B24L),螢ｲ荳?F5-55B24L,1,7350,7350,7500,,,,,,,,,,,,,,,,,,,,,,,,,,,,,,,,,,,,,,,,,,,,,,,,,,,,,,,,,,,,,,,
2015,2015/11/4,?ｳ?ｫ-??-?趣ｾ滂ｾ晢ｾ鯉ｾ蘗SSY,螢ｲ荳?M3-026,1,40,40,110,09001-0008,繝ｭ繝ｼ繝峨せ繧ｿ繝ｼ,,100807,GF-NB6C,,,,,,,,,,,,,,,,,,,,,,,,,,,,,,,,,,,,,,,,,,,,,,,,,,,,,,,,,,
2015,2015/12/21,?ｽ?奇ｾ??ｸ?鯉ｾ滂ｾ暦ｽｸ??螢ｲ荳?LFR6ARX-11P,4,80,80,160,15130-0013,繧ｷ繧ｨ繝ｳ繧ｿ,蟷ｳ謌?8蟷ｴ 6譛?5002981,DBA-NCP81G-KWXGK,,,,,,,,,,,,,,,,,,,,,,,,,,,,,,,,,,,,,,,,,,,,,,,,,,,,,,,,,,
2015,2015/10/20,F/?鯉ｽｪ?晢ｾ????鯉ｾ滂ｾ幢ｾ?ｽｸ??- RH,螢ｲ荳?63842-WL00A,1,1402,1402,3000,,繧ｨ繝ｫ繧ｰ繝ｩ繝ｳ繝?蟷ｳ謌?5蟷ｴ 2譛?23330,E51,,,,,,,,,,,,,,,,,,,,,,,,,,,,,,,,,,,,,,,,,,,,,,,,,,,,,,,,,,
2015,2015/10/20,F/?鯉ｽｪ?晢ｾ????鯉ｾ滂ｾ幢ｾ?ｽｸ??- LH,螢ｲ荳?63843-WL000,1,1502,1502,3000,,繧ｨ繝ｫ繧ｰ繝ｩ繝ｳ繝?蟷ｳ謌?5蟷ｴ 2譛?23330,E51,,,,,,,,,,,,,,,,,,,,,,,,,,,,,,,,,,,,,,,,,,,,,,,,,,,,,,,,,,
2015,2015/11/17,?奇ｾ橸ｽｯ??ｾ?FB 5000(40B19L),螢ｲ荳?F5-40B19L,2,7350,7350,7500,,,,,,,,,,,,,,,,,,,,,,,,,,,,,,,,,,,,,,,,,,,,,,,,,,,,,,,,,,,,,,,
2015,2015/10/28,?ｽ?奇ｾ??ｸ?鯉ｾ滂ｾ暦ｽｸ??螢ｲ荳?HB6AIX-11P,4,80,80,160,15238-0001,繧｢繧､繧ｷ繧ｹ,蟷ｳ謌?8蟷ｴ10譛?68286,DBA-ANM10G-AWXEH,,,,,,,,,,,,,,,,,,,,,,,,,,,,,,,,,,,,,,,,,,,,,,,,,,,,,,,,,,
2015,2015/12/24,?ｽ?奇ｾ??ｸ?鯉ｾ滂ｾ暦ｽｸ??螢ｲ荳?BKR5EIX-11P,4,80,80,160,12689-0001,繧｢繧､繧ｷ繧ｹ,蟷ｳ謌?9蟷ｴ 1譛?41113,CBA-ZNM10W-AWPSK,,,,,,,,,,,,,,,,,,,,,,,,,,,,,,,,,,,,,,,,,,,,,,,,,,,,,,,,,,
2015,2015/11/6,F/??ｾ橸ｽｨ?ｽ?ｸ?奇ｾ滂ｽｯ??ｾ橸ｽｷ?ｯ??螢ｲ荳?V9118A082,1,5427,5425,20,,繧ｫ繝ｭ繝ｼ繝ｩ,蟷ｳ謌?3蟷ｴ 5譛?57626,NZE121-AE,,,,,,,,,,,,,,,,,,,,,,,,,,,,,,,,,,,,,,,,,,,,,,,,,,,,,,,,,,
2015,2015/12/21,F/??ｾ橸ｽｨ?ｽ?ｸ?奇ｾ滂ｽｯ??ｾ橸ｽｷ?ｯ??螢ｲ荳?MN-472M,1,5427,5425,20,15130-0013,繧ｷ繧ｨ繝ｳ繧ｿ,蟷ｳ謌?8蟷ｴ 6譛?5002981,DBA-NCP81G-KWXGK,,,,,,,,,,,,,,,,,,,,,,,,,,,,,,,,,,,,,,,,,,,,,,,,,,,,,,,,,,
2015,2015/10/24,???呻ｾ暦ｾ晢ｾ鯉ｾ滂ｾ夲ｾ晢ｽｽ? LH,螢ｲ荳?CGC-41134,1,6311,6311,270,,繝上う繧ｼ繝?ヨ,,250427,S321V,,,,,,,,,,,,,,,,,,,,,,,,,,,,,,,,,,,,,,,,,,,,,,,,,,,,,,,,,,
2015,2015/10/24,?ｸ-???ｴ?ｷ?ｽ?奇ｾ滂ｾ晢ｽｼ?ｮ?晢ｾ奇ｾ橸ｾ呻ｾ鯉ｾ?螢ｲ荳?95431-82K01,1,7007,7007,7600,16034-0003,繝代Ξ繝?ヨ,,608467,CBA-MK21S-ZB,,,,,,,,,,,,,,,,,,,,,,,,,,,,,,,,,,,,,,,,,,,,,,,,,,,,,,,,,,
2015,2015/11/4,???ｲ?撰ｾ晢ｽｸ?橸ｾ?ｾ晢ｽｼ?ｮ??,螢ｲ荳?TT1407,1,5033,5033,1100,09001-0008,繝ｭ繝ｼ繝峨せ繧ｿ繝ｼ,,100807,GF-NB6C,,,,,,,,,,,,,,,,,,,,,,,,,,,,,,,,,,,,,,,,,,,,,,,,,,,,,,,,,,
2015,2015/10/7,F/??ｾ橸ｽｨ?ｽ?ｸ?奇ｾ滂ｽｯ??ｾ橸ｽｷ?ｯ??螢ｲ荳?MN-354,1,5427,5425,20,11077-0022,繧ｨ繝悶Μ繧｣,,348480,LE-DA62V-EP,,,,,,,,,,,,,,,,,,,,,,,,,,,,,,,,,,,,,,,,,,,,,,,,,,,,,,,,,,
2015,2015/11/4,???ｲ?撰ｾ晢ｽｸ?橸ｾ搾ｾ橸ｾ呻ｾ?螢ｲ荳?MFMZ2004,1,19,19,80,09001-0008,繝ｭ繝ｼ繝峨せ繧ｿ繝ｼ,,100807,GF-NB6C,,,,,,,,,,,,,,,,,,,,,,,,,,,,,,,,,,,,,,,,,,,,,,,,,,,,,,,,,,
2015,2015/12/17,?奇ｾ橸ｽｯ??ｾ?FB 5000(40B19L),螢ｲ荳?F5-40B19L,1,7350,7350,7500,,,,,,,,,,,,,,,,,,,,,,,,,,,,,,,,,,,,,,,,,,,,,,,,,,,,,,,,,,,,,,,
2015,2015/11/4,???ｲ?撰ｾ晢ｽｸ?橸ｽｱ?ｲ??ｾ橸ｾ呻ｾ鯉ｾ???,螢ｲ荳?TT407,1,5033,5033,1100,09001-0008,繝ｭ繝ｼ繝峨せ繧ｿ繝ｼ,,100807,GF-NB6C,,,,,,,,,,,,,,,,,,,,,,,,,,,,,,,,,,,,,,,,,,,,,,,,,,,,,,,,,,
2015,2015/12/7,?ｸ???晢ｾ鯉ｽｨ?呻ｾ?-,螢ｲ荳?CS-9005A,1,14,14,30,16169-0014,繝ｯ繧ｴ繝ｳ?ｲ,,553623,DBA-MH23S-WSXE,,,,,,,,,,,,,,,,,,,,,,,,,,,,,,,,,,,,,,,,,,,,,,,,,,,,,,,,,,
2015,2015/10/24,F/?奇ｾ橸ｾ晢ｾ奇ｾ滂ｽｻ?趣ｾ???螢ｲ荳?52144-52091,1,1113,1113,3000,12135-0005,繧ｷ繧ｨ繝ｳ繧ｿ,蟷ｳ謌?6蟷ｴ 6譛?59789,CBA-NCP81G-KWXGK,,,,,,,,,,,,,,,,,,,,,,,,,,,,,,,,,,,,,,,,,,,,,,,,,,,,,,,,,,
2015,2015/10/28,?ｸ???晢ｾ鯉ｽｨ?呻ｾ?-,螢ｲ荳?CT-1004A,1,14,14,30,15238-0001,繧｢繧､繧ｷ繧ｹ,蟷ｳ謌?8蟷ｴ10譛?68286,DBA-ANM10G-AWXEH,,,,,,,,,,,,,,,,,,,,,,,,,,,,,,,,,,,,,,,,,,,,,,,,,,,,,,,,,,
2015,2015/12/21,?ｸ???晢ｾ鯉ｽｨ?呻ｾ?-,螢ｲ荳?CT-1004A,1,14,14,30,15130-0013,繧ｷ繧ｨ繝ｳ繧ｿ,蟷ｳ謌?8蟷ｴ 6譛?5002981,DBA-NCP81G-KWXGK,,,,,,,,,,,,,,,,,,,,,,,,,,,,,,,,,,,,,,,,,,,,,,,,,,,,,,,,,,
2015,2015/12/24,?ｸ???晢ｾ鯉ｽｨ?呻ｾ?-,螢ｲ荳?CT-1004A,1,14,14,30,12689-0001,繧｢繧､繧ｷ繧ｹ,蟷ｳ謌?9蟷ｴ 1譛?41113,CBA-ZNM10W-AWPSK,,,,,,,,,,,,,,,,,,,,,,,,,,,,,,,,,,,,,,,,,,,,,,,,,,,,,,,,,,
2015,2015/10/7,F/??ｾ橸ｽｱ?搾ｾ橸ｾ呻ｾ?ｾ???螢ｲ荳?75711-68011,1,2142,6250,3000,,繧ｦ繧｣繝?す繝･,,33486,ANE11W-HWXQH,,,,,,,,,,,,,,,,,,,,,,,,,,,,,,,,,,,,,,,,,,,,,,,,,,,,,,,,,,
2015,2015/10/28,?ｴ?ｱ-?ｴ?夲ｾ抵ｾ晢ｾ?螢ｲ荳?V91120027,1,16,16,30,15238-0001,繧｢繧､繧ｷ繧ｹ,蟷ｳ謌?8蟷ｴ10譛?68286,DBA-ANM10G-AWXEH,,,,,,,,,,,,,,,,,,,,,,,,,,,,,,,,,,,,,,,,,,,,,,,,,,,,,,,,,,
2015,2015/11/4,?奇ｾ橸ｾ呻ｾ鯉ｾ橸ｽｶ?奇ｾ?G/K,螢ｲ荳?SP-0130T,1,4,4,150,09001-0008,繝ｭ繝ｼ繝峨せ繧ｿ繝ｼ,,100807,GF-NB6C,,,,,,,,,,,,,,,,,,,,,,,,,,,,,,,,,,,,,,,,,,,,,,,,,,,,,,,,,,
2015,2015/11/2,?ｽ?奇ｾ??ｸ?鯉ｾ滂ｾ暦ｽｸ??螢ｲ荳?DCPR7E,3,80,80,160,11082-0022,繧ｹ繧ｯ繝ｩ繝?,,305007,LE-DG62V-2WD,,,,,,,,,,,,,,,,,,,,,,,,,,,,,,,,,,,,,,,,,,,,,,,,,,,,,,,,,,
2015,2015/10/21,霆ｽ閾ｪ蜍戊ｻ顔畑?鯉ｾ橸ｽｰ??螢ｲ荳?TW2160,1,5310,5310,70,12664-0002,繧ｭ繝｣繝ｭ繝ｫ,,500560,DBA-HB24S-2WD,,,,,,,,,,,,,,,,,,,,,,,,,,,,,,,,,,,,,,,,,,,,,,,,,,,,,,,,,,
2015,2015/11/13,?ｵ?ｲ?呻ｽｴ?夲ｾ抵ｾ晢ｾ?螢ｲ荳?TO-1212M,3,12,12,30,,,,,,,,,,,,,,,,,,,,,,,,,,,,,,,,,,,,,,,,,,,,,,,,,,,,,,,,,,,,,,,
2015,2015/12/21,?ｴ?ｱ-?ｴ?夲ｾ抵ｾ晢ｾ?螢ｲ荳?TO-1853F,1,16,16,30,15130-0013,繧ｷ繧ｨ繝ｳ繧ｿ,蟷ｳ謌?8蟷ｴ 6譛?5002981,DBA-NCP81G-KWXGK,,,,,,,,,,,,,,,,,,,,,,,,,,,,,,,,,,,,,,,,,,,,,,,,,,,,,,,,,,
2015,2015/10/24,?ｸ???晢ｾ鯉ｽｨ?呻ｾ?-,螢ｲ荳?CS-9005B,1,14,14,30,16034-0003,繝代Ξ繝?ヨ,,608467,CBA-MK21S-ZB,,,,,,,,,,,,,,,,,,,,,,,,,,,,,,,,,,,,,,,,,,,,,,,,,,,,,,,,,,
2015,2015/11/2,R/?奇ｾ橸ｾ晢ｾ奇ｾ滂ｽｻ?趣ｾ???螢ｲ荳?71830-82K01,1,4113,4113,3000,16033-0008,繝代Ξ繝?ヨ,,364436,DBA-MK21S-Z,,,,,,,,,,,,,,,,,,,,,,,,,,,,,,,,,,,,,,,,,,,,,,,,,,,,,,,,,,
2015,2015/11/2,?奇ｾ橸ｾ呻ｾ鯉ｾ橸ｽｶ?奇ｾ?G/K,螢ｲ荳?SP-0068T,1,4,4,150,11082-0022,繧ｹ繧ｯ繝ｩ繝?,,305007,LE-DG62V-2WD,,,,,,,,,,,,,,,,,,,,,,,,,,,,,,,,,,,,,,,,,,,,,,,,,,,,,,,,,,
2015,2015/10/14,?ｵ?ｲ?呻ｽｴ?夲ｾ抵ｾ晢ｾ?螢ｲ荳?TO-2274M,2,12,12,30,,,,,,,,,,,,,,,,,,,,,,,,,,,,,,,,,,,,,,,,,,,,,,,,,,,,,,,,,,,,,,,
2015,2015/10/20,F/?暦ｽｯ?ｸ?ｴ?晢ｾ?ｾ橸ｾ鯉ｾ?? LH,螢ｲ荳?RP-2107,1,5312,5312,70,09200-0015,繝?繝ｼ繝ｴ,蟷ｳ謌?2蟷ｴ10譛?1026111,GF-L902S-GPSX,,,,,,,,,,,,,,,,,,,,,,,,,,,,,,,,,,,,,,,,,,,,,,,,,,,,,,,,,,
2015,2015/12/21,F/?ｽ???具ｾ橸ｾ暦ｽｲ?ｻ???鯉ｾ橸ｽｯ?ｼ?ｭ ?ｱ?ｳ??,螢ｲ荳?TP-2446,8,5324,5324,70,15130-0013,繧ｷ繧ｨ繝ｳ繧ｿ,蟷ｳ謌?8蟷ｴ 6譛?5002981,DBA-NCP81G-KWXGK,,,,,,,,,,,,,,,,,,,,,,,,,,,,,,,,,,,,,,,,,,,,,,,,,,,,,,,,,,
2015,2015/10/14,?ｵ?ｲ?呻ｽｴ?夲ｾ抵ｾ晢ｾ?螢ｲ荳?TO-3240,2,12,12,30,,,,,,,,,,,,,,,,,,,,,,,,,,,,,,,,,,,,,,,,,,,,,,,,,,,,,,,,,,,,,,,
2015,2015/11/4,?ｶ?托ｽｼ?ｬ?鯉ｾО/S,螢ｲ荳?M4643,2,5341,5341,60,09001-0008,繝ｭ繝ｼ繝峨せ繧ｿ繝ｼ,,100807,GF-NB6C,,,,,,,,,,,,,,,,,,,,,,,,,,,,,,,,,,,,,,,,,,,,,,,,,,,,,,,,,,
2015,2015/12/8,?ｴ?ｱ-?ｴ?夲ｾ抵ｾ晢ｾ?螢ｲ荳?TO-9744F,1,16,16,30,12358-0023,繝ｯ繧ｴ繝ｳ?ｲ,,283613,CBA-MH21S-WFBDS,,,,,,,,,,,,,,,,,,,,,,,,,,,,,,,,,,,,,,,,,,,,,,,,,,,,,,,,,,
2015,2015/10/14,?ｵ?ｲ?呻ｽｴ?夲ｾ抵ｾ晢ｾ?螢ｲ荳?TO-1212M,2,12,12,30,,,,,,,,,,,,,,,,,,,,,,,,,,,,,,,,,,,,,,,,,,,,,,,,,,,,,,,,,,,,,,,
2015,2015/12/10,?ｸ?橸ｾ暦ｾ鯉ｽｧ?ｲ??ｾ懶ｽｲ?奇ｾ??鯉ｾ橸ｾ???ｾ?螢ｲ荳?GC400,2,6550,6550,230,,,,,,,,,,,,,,,,,,,,,,,,,,,,,,,,,,,,,,,,,,,,,,,,,,,,,,,,,,,,,,,
2015,2015/12/10,?ｸ?橸ｾ暦ｾ鯉ｽｧ?ｲ??ｾ懶ｽｲ?奇ｾ??鯉ｾ橸ｾ???ｾ?螢ｲ荳?GC475,2,6550,6550,230,,,,,,,,,,,,,,,,,,,,,,,,,,,,,,,,,,,,,,,,,,,,,,,,,,,,,,,,,,,,,,,
2015,2015/10/13,R/?ｶ?ｯ?鯉ｾ滂ｽｷ?ｯ??螢ｲ荳?240-30532,1,5405,5405,10,11113-0008,??ｼｫ繝ｯ繧ｴ繝ｳ,蟷ｳ謌?4蟷ｴ10譛?322944,LA-H81W-LVME,,,,,,,,,,,,,,,,,,,,,,,,,,,,,,,,,,,,,,,,,,,,,,,,,,,,,,,,,,
2015,2015/10/7,?奇ｾ橸ｽｯ?ｸ?暦ｾ晢ｾ鯉ｾ欖/W,螢ｲ荳?37610-78A00,1,948,6414,280,11077-0022,繧ｨ繝悶Μ繧｣,,348480,LE-DA62V-EP,,,,,,,,,,,,,,,,,,,,,,,,,,,,,,,,,,,,,,,,,,,,,,,,,,,,,,,,,,
2015,2015/12/11,R/??ｾ橸ｽｱ?鯉ｾ橸ｾ暦ｽｯ?ｸ???鯉ｾ LH,螢ｲ荳?67866-SYY-003,1,3270,3270,3000,,繝輔Μ繝ｼ繝?,,DBA-GB3,,,,,,,,,,,,,,,,,,,,,,,,,,,,,,,,,,,,,,,,,,,,,,,,,,,,,,,,,,
2015,2015/10/29,???ｲ?幢ｽｯ??ｾ橸ｽｴ?晢ｾ?ｾ橸ｾ鯉ｾ???螢ｲ荳?DC-1125,2,173,173,70,12193-0008,繧ｪ繝?ャ繧ｻ繧､,,3063988,DBA-RB1-3,,,,,,,,,,,,,,,,,,,,,,,,,,,,,,,,,,,,,,,,,,,,,,,,,,,,,,,,,,
2015,2015/11/13,?ｵ?ｲ?呻ｽｴ?夲ｾ抵ｾ晢ｾ?螢ｲ荳?TO-1213M,1,12,12,30,,,,,,,,,,,,,,,,,,,,,,,,,,,,,,,,,,,,,,,,,,,,,,,,,,,,,,,,,,,,,,,
2015,2015/12/15,??ｾ橸ｾ晢ｽｷ?ｭ?ｳ 12V5W,螢ｲ荳?WB127,10,7300,7300,260,,,,,,,,,,,,,,,,,,,,,,,,,,,,,,,,,,,,,,,,,,,,,,,,,,,,,,,,,,,,,,,
2015,2015/10/17,?ｸ?橸ｾ暦ｾ鯉ｽｧ?ｲ??ｾ懶ｽｲ?奇ｾ??鯉ｾ橸ｾ???ｾ?螢ｲ荳?GC350,1,6550,6550,230,,,,,,,,,,,,,,,,,,,,,,,,,,,,,,,,,,,,,,,,,,,,,,,,,,,,,,,,,,,,,,,
2015,2015/10/17,?ｸ?橸ｾ暦ｾ鯉ｽｧ?ｲ??ｾ懶ｽｲ?奇ｾ??鯉ｾ橸ｾ???ｾ?螢ｲ荳?GC475,1,6550,6550,230,,,,,,,,,,,,,,,,,,,,,,,,,,,,,,,,,,,,,,,,,,,,,,,,,,,,,,,,,,,,,,,
2015,2015/10/17,?ｸ?橸ｾ暦ｾ鯉ｽｧ?ｲ??ｾ懶ｽｲ?奇ｾ??鯉ｾ橸ｾ???ｾ?螢ｲ荳?GC525,1,6550,6550,230,,,,,,,,,,,,,,,,,,,,,,,,,,,,,,,,,,,,,,,,,,,,,,,,,,,,,,,,,,,,,,,
2015,2015/11/13,?ｵ?ｲ?呻ｽｴ?夲ｾ抵ｾ晢ｾ?螢ｲ荳?TO-1215M,1,12,12,30,,,,,,,,,,,,,,,,,,,,,,,,,,,,,,,,,,,,,,,,,,,,,,,,,,,,,,,,,,,,,,,
2015,2015/11/18,?ｸ?橸ｾ暦ｾ鯉ｽｧ?ｲ??ｾ懶ｽｲ?奇ｾ??鯉ｾ橸ｾ???ｾ?螢ｲ荳?GC600,1,6550,6550,230,,,,,,,,,,,,,,,,,,,,,,,,,,,,,,,,,,,,,,,,,,,,,,,,,,,,,,,,,,,,,,,
2015,2015/11/18,?ｸ?橸ｾ暦ｾ鯉ｽｧ?ｲ??ｾ懶ｽｲ?奇ｾ??鯉ｾ橸ｾ???ｾ?螢ｲ荳?GC650,1,6550,6550,230,,,,,,,,,,,,,,,,,,,,,,,,,,,,,,,,,,,,,,,,,,,,,,,,,,,,,,,,,,,,,,,
2015,2015/12/10,?ｸ?橸ｾ暦ｾ鯉ｽｧ?ｲ??ｾ懶ｽｲ?奇ｾ??鯉ｾ橸ｾ???ｾ?螢ｲ荳?GC450,1,6550,6550,230,,,,,,,,,,,,,,,,,,,,,,,,,,,,,,,,,,,,,,,,,,,,,,,,,,,,,,,,,,,,,,,
2015,2015/12/28,?ｸ?橸ｾ暦ｾ鯉ｽｧ?ｲ??ｾ懶ｽｲ?奇ｾ??鯉ｾ橸ｾ???ｾ?螢ｲ荳?GC400,1,6550,6550,230,,,,,,,,,,,,,,,,,,,,,,,,,,,,,,,,,,,,,,,,,,,,,,,,,,,,,,,,,,,,,,,
2015,2015/12/28,?ｸ?橸ｾ暦ｾ鯉ｽｧ?ｲ??ｾ懶ｽｲ?奇ｾ??鯉ｾ橸ｾ???ｾ?螢ｲ荳?GC425,1,6550,6550,230,,,,,,,,,,,,,,,,,,,,,,,,,,,,,,,,,,,,,,,,,,,,,,,,,,,,,,,,,,,,,,,
2015,2015/12/28,?ｸ?橸ｾ暦ｾ鯉ｽｧ?ｲ??ｾ懶ｽｲ?奇ｾ??鯉ｾ橸ｾ???ｾ?螢ｲ荳?GC550,1,6550,6550,230,,,,,,,,,,,,,,,,,,,,,,,,,,,,,,,,,,,,,,,,,,,,,,,,,,,,,,,,,,,,,,,
2015,2015/12/28,?ｸ?橸ｾ暦ｾ鯉ｽｧ?ｲ??ｾ懶ｽｲ?奇ｾ??鯉ｾ橸ｾ???ｾ?螢ｲ荳?GC600,1,6550,6550,230,,,,,,,,,,,,,,,,,,,,,,,,,,,,,,,,,,,,,,,,,,,,,,,,,,,,,,,,,,,,,,,
2015,2015/11/4,???ｲ?撰ｾ晢ｽｸ?橸ｽｶ?奇ｾ?O/S,螢ｲ荳?M4631,1,5341,5341,60,09001-0008,繝ｭ繝ｼ繝峨せ繧ｿ繝ｼ,,100807,GF-NB6C,,,,,,,,,,,,,,,,,,,,,,,,,,,,,,,,,,,,,,,,,,,,,,,,,,,,,,,,,,
2015,2015/10/13,R/?幢ｽｯ?ｸ??ｽｯ??螢ｲ荳?RN-1003,2,5306,5306,1700,11113-0008,??ｼｫ繝ｯ繧ｴ繝ｳ,蟷ｳ謌?4蟷ｴ10譛?322944,LA-H81W-LVME,,,,,,,,,,,,,,,,,,,,,,,,,,,,,,,,,,,,,,,,,,,,,,,,,,,,,,,,,,
2015,2015/12/8,R/?幢ｽｯ?ｸ??ｽｯ??螢ｲ荳?RN-1001,2,5306,5306,1700,12358-0023,繝ｯ繧ｴ繝ｳ?ｲ,,283613,CBA-MH21S-WFBDS,,,,,,,,,,,,,,,,,,,,,,,,,,,,,,,,,,,,,,,,,,,,,,,,,,,,,,,,,,
2015,2015/10/24,?ｸ-??O?假ｾ晢ｽｸ??螢ｲ荳?95895-50G00,2,7014,7014,7600,16034-0003,繝代Ξ繝?ヨ,,608467,CBA-MK21S-ZB,,,,,,,,,,,,,,,,,,,,,,,,,,,,,,,,,,,,,,,,,,,,,,,,,,,,,,,,,,
2015,2015/10/24,?ｸ-??O?假ｾ晢ｽｸ??螢ｲ荳?95896-50G00,2,7014,7014,7600,16034-0003,繝代Ξ繝?ヨ,,608467,CBA-MK21S-ZB,,,,,,,,,,,,,,,,,,,,,,,,,,,,,,,,,,,,,,,,,,,,,,,,,,,,,,,,,,
2015,2015/10/24,?ｸ-??O?假ｾ晢ｽｸ??螢ｲ荳?95891-50G00,2,7014,7014,7600,16034-0003,繝代Ξ繝?ヨ,,608467,CBA-MK21S-ZB,,,,,,,,,,,,,,,,,,,,,,,,,,,,,,,,,,,,,,,,,,,,,,,,,,,,,,,,,,
2015,2015/10/24,?ｸ-??O?假ｾ晢ｽｸ??螢ｲ荳?95897-68H00,1,7014,7014,7600,16034-0003,繝代Ξ繝?ヨ,,608467,CBA-MK21S-ZB,,,,,,,,,,,,,,,,,,,,,,,,,,,,,,,,,,,,,,,,,,,,,,,,,,,,,,,,,,
2015,2015/10/24,?ｸ-??O?假ｾ晢ｽｸ??螢ｲ荳?95895-68H00,1,7014,7014,7600,16034-0003,繝代Ξ繝?ヨ,,608467,CBA-MK21S-ZB,,,,,,,,,,,,,,,,,,,,,,,,,,,,,,,,,,,,,,,,,,,,,,,,,,,,,,,,,,
